[
  {
    "name": "Marky",
    "message": "CONGRATS!!! ILYSMMMM",
    "photo": "20250724124219_IMG_1275.JPG",
    "time": "2025-07-24 12:42:19"
  },
  {
    "name": "Marky",
    "message": "You're the best!!!",
    "photo": "20250724150308_IMG_1144.JPG",
    "time": "2025-07-24 15:03:08"
  },
  {
    "name": "Marky",
    "message": "You really did that thing!!!",
    "photo": "20250724182958_image.jpg",
    "time": "2025-07-24 18:29:58"
  },
  {
    "name": "Mark",
    "message": "Hey",
    "photo": "20250724183949_image.jpg",
    "time": "2025-07-24 18:39:49"
  },
  {
    "name": "Mark",
    "message": "Hi",
    "photo": "20250724184002_image.jpg",
    "time": "2025-07-24 18:40:02"
  }
]